<?xml version="1.0" encoding="UTF-8"?>
<ksdk:examples xmlns:ksdk="http://nxp.com/ksdk/2.0/ksdk_manifest_v3.0.xsd" xmlns:xsi="http://www.w3.org/2001/XMLSchema-instance" xsi:schemaLocation="http://nxp.com/ksdk/2.0/ksdk_manifest_v3.0.xsd manifest.xsd">
  <externalDefinitions>
    <definition extID="cm4_core0_MIMX8QM6xxxFF"/>
    <definition extID="platform.drivers.irqsteer.MIMX8QM6"/>
    <definition extID="platform.drivers.memory.MIMX8QM6"/>
    <definition extID="platform.drivers.dma3.MIMX8QM6"/>
    <definition extID="utility.debug_console_lite.MIMX8QM6"/>
    <definition extID="platform.utilities.assert_lite.MIMX8QM6"/>
    <definition extID="platform.drivers.clock.MIMX8QM6"/>
    <definition extID="platform.drivers.lpuart.MIMX8QM6"/>
    <definition extID="platform.drivers.lpspi.MIMX8QM6"/>
    <definition extID="platform.drivers.lpspi_edma.MIMX8QM6"/>
    <definition extID="platform.drivers.lpspi_cmsis.MIMX8QM6"/>
    <definition extID="platform.drivers.common.MIMX8QM6"/>
    <definition extID="platform.devices.MIMX8QM6_CMSIS.MIMX8QM6"/>
    <definition extID="platform.devices.MIMX8QM6_startup.MIMX8QM6"/>
    <definition extID="platform.drivers.igpio.MIMX8QM6"/>
    <definition extID="platform.drivers.scfwapi.MIMX8QM6"/>
    <definition extID="component.lpuart_adapter.MIMX8QM6"/>
    <definition extID="component.lists.MIMX8QM6"/>
    <definition extID="platform.Include_core_cm4.MIMX8QM6"/>
    <definition extID="platform.Include_common.MIMX8QM6"/>
    <definition extID="platform.Include_dsp.MIMX8QM6"/>
    <definition extID="platform.CMSIS_Driver_Include.SPI_CMSISInclude.MIMX8QM6"/>
    <definition extID="platform.CMSIS_Driver_Include.Common_CMSISInclude.MIMX8QM6"/>
    <definition extID="platform.utilities.misc_utilities.MIMX8QM6"/>
    <definition extID="iar"/>
    <definition extID="armgcc"/>
    <definition extID="mcuxpresso"/>
    <definition extID="com.nxp.mcuxpresso"/>
    <definition extID="mdk"/>
  </externalDefinitions>
  <example id="mekmimx8qm_cmsis_lpspi_edma_b2b_xfer_slave_m40" name="cmsis_lpspi_edma_b2b_xfer_slave_m40" device_core="cm4_core0_MIMX8QM6xxxFF" dependency="platform.drivers.irqsteer.MIMX8QM6 platform.drivers.memory.MIMX8QM6 platform.drivers.dma3.MIMX8QM6 utility.debug_console_lite.MIMX8QM6 platform.utilities.assert_lite.MIMX8QM6 platform.drivers.clock.MIMX8QM6 platform.drivers.lpuart.MIMX8QM6 platform.drivers.lpspi.MIMX8QM6 platform.drivers.lpspi_edma.MIMX8QM6 platform.drivers.lpspi_cmsis.MIMX8QM6 platform.drivers.common.MIMX8QM6 platform.devices.MIMX8QM6_CMSIS.MIMX8QM6 platform.devices.MIMX8QM6_startup.MIMX8QM6 platform.drivers.igpio.MIMX8QM6 platform.drivers.scfwapi.MIMX8QM6 component.lpuart_adapter.MIMX8QM6 component.lists.MIMX8QM6 platform.Include_core_cm4.MIMX8QM6 platform.Include_common.MIMX8QM6 platform.Include_dsp.MIMX8QM6 platform.CMSIS_Driver_Include.SPI_CMSISInclude.MIMX8QM6 platform.CMSIS_Driver_Include.Common_CMSISInclude.MIMX8QM6 platform.utilities.misc_utilities.MIMX8QM6" category="cmsis_driver_examples/lpspi">
    <projects>
      <project type="com.crt.advproject.projecttype.exe" nature="org.eclipse.cdt.core.cnature"/>
    </projects>
    <toolchainSettings>
      <toolchainSetting id_refs="com.nxp.mcuxpresso">
        <option id="gnu.c.compiler.option.preprocessor.def.symbols" type="stringList">
          <value>CPU_MIMX8QM6AVUFF_cm4_core0</value>
          <value>MIMX8QM_CM4_CORE0</value>
        </option>
        <option id="com.crt.advproject.gas.fpu" type="enum">
          <value>com.crt.advproject.gas.fpu.fpv4.hard</value>
        </option>
        <option id="com.crt.advproject.gcc.fpu" type="enum">
          <value>com.crt.advproject.gcc.fpu.fpv4.hard</value>
        </option>
        <option id="gnu.c.compiler.option.optimization.flags" type="string">
          <value>-fno-common</value>
        </option>
        <option id="com.crt.advproject.c.misc.dialect" type="enum">
          <value>com.crt.advproject.misc.dialect.gnu99</value>
        </option>
        <option id="gnu.c.compiler.option.misc.other" type="string">
          <value>-fno-strict-aliasing -fshort-enums -c -ffunction-sections -fdata-sections -ffreestanding -fno-builtin</value>
        </option>
        <option id="gnu.c.compiler.option.warnings.allwarn" type="boolean">
          <value>false</value>
        </option>
        <option id="com.crt.advproject.link.fpu" type="enum">
          <value>com.crt.advproject.link.fpu.fpv4.hard</value>
        </option>
        <option id="gnu.c.link.option.nostdlibs" type="boolean">
          <value>true</value>
        </option>
      </toolchainSetting>
    </toolchainSettings>
    <include_paths>
      <include_path path="boards/mekmimx8qm/cmsis_driver_examples/lpspi/edma_b2b_transfer/slave/cm4_core0" project_relative_path="board" type="c_include"/>
      <include_path path="boards/mekmimx8qm/cmsis_driver_examples/lpspi/edma_b2b_transfer/slave/cm4_core0" project_relative_path="mekmimx8qm/cmsis_driver_examples/lpspi/edma_b2b_transfer/slave/cm4_core0" type="c_include"/>
    </include_paths>
    <source path="boards/mekmimx8qm/cmsis_driver_examples/lpspi/edma_b2b_transfer/slave/cm4_core0/iar" project_relative_path="./" type="workspace" toolchain="iar">
      <files mask="cmsis_lpspi_edma_b2b_xfer_slave_m40.ewp"/>
      <files mask="cmsis_lpspi_edma_b2b_xfer_slave_m40.ewd"/>
      <files mask="cmsis_lpspi_edma_b2b_xfer_slave_m40.eww"/>
    </source>
    <source path="boards/mekmimx8qm/cmsis_driver_examples/lpspi/edma_b2b_transfer/slave/cm4_core0/armgcc" project_relative_path="./" type="workspace" toolchain="armgcc">
      <files mask="build_all.bat"/>
      <files mask="build_all.sh"/>
      <files mask="clean.bat"/>
      <files mask="clean.sh"/>
      <files mask="CMakeLists.txt"/>
      <files mask="flags.cmake"/>
      <files mask="config.cmake"/>
      <files mask="build_debug.bat"/>
      <files mask="build_debug.sh"/>
      <files mask="build_release.bat"/>
      <files mask="build_release.sh"/>
      <files mask="build_ddr_debug.bat"/>
      <files mask="build_ddr_debug.sh"/>
      <files mask="build_ddr_release.bat"/>
      <files mask="build_ddr_release.sh"/>
      <files mask="build_flash_debug.bat"/>
      <files mask="build_flash_debug.sh"/>
      <files mask="build_flash_release.bat"/>
      <files mask="build_flash_release.sh"/>
    </source>
    <source path="boards/mekmimx8qm/cmsis_driver_examples/lpspi/edma_b2b_transfer/slave/cm4_core0" project_relative_path="board" type="src">
      <files mask="board.c"/>
      <files mask="clock_config.c"/>
    </source>
    <source path="boards/mekmimx8qm/cmsis_driver_examples/lpspi/edma_b2b_transfer/slave/cm4_core0" project_relative_path="board" type="c_include">
      <files mask="board.h"/>
      <files mask="clock_config.h"/>
    </source>
    <source path="boards/mekmimx8qm/cmsis_driver_examples/lpspi/edma_b2b_transfer/slave/cm4_core0" project_relative_path="doc" type="doc" toolchain="iar mdk armgcc">
      <files mask="readme.txt"/>
    </source>
    <source path="boards/mekmimx8qm/cmsis_driver_examples/lpspi/edma_b2b_transfer/slave/cm4_core0/iar" project_relative_path="MIMX8QM6/iar" type="linker" toolchain="iar">
      <files mask="MIMX8QM6xxxFF_cm4_core0_ram.icf"/>
      <files mask="MIMX8QM6xxxFF_cm4_core0_ddr_ram.icf"/>
      <files mask="MIMX8QM6xxxFF_cm4_core0_flash.icf"/>
    </source>
    <source path="boards/mekmimx8qm/cmsis_driver_examples/lpspi/edma_b2b_transfer/slave/cm4_core0/armgcc" project_relative_path="MIMX8QM6/gcc" type="linker" toolchain="armgcc">
      <files mask="MIMX8QM6xxxFF_cm4_core0_ram.ld"/>
      <files mask="MIMX8QM6xxxFF_cm4_core0_ddr_ram.ld"/>
      <files mask="MIMX8QM6xxxFF_cm4_core0_flash.ld"/>
    </source>
    <source path="boards/mekmimx8qm/cmsis_driver_examples/lpspi/edma_b2b_transfer/slave/cm4_core0" project_relative_path="remoteproc" type="src">
      <files mask="empty_rsc_table.c"/>
    </source>
    <source path="boards/mekmimx8qm/cmsis_driver_examples/lpspi/edma_b2b_transfer/slave/cm4_core0" project_relative_path="source" type="src">
      <files mask="cmsis_lpspi_edma_b2b_transfer_slave.c"/>
    </source>
    <source path="boards/mekmimx8qm/cmsis_driver_examples/lpspi/edma_b2b_transfer/slave/cm4_core0" project_relative_path="board" type="src">
      <files mask="pin_mux.c"/>
    </source>
    <source path="boards/mekmimx8qm/cmsis_driver_examples/lpspi/edma_b2b_transfer/slave/cm4_core0" project_relative_path="board" type="c_include">
      <files mask="pin_mux.h"/>
      <files mask="RTE_Device.h"/>
    </source>
    <source path="CMSIS/Driver/Include" project_relative_path="CMSIS_driver" type="c_include">
      <files mask="Driver_SPI.h" hidden="true"/>
      <files mask="Driver_Common.h" hidden="true"/>
    </source>
  </example>
</ksdk:examples>
